open,high,low,close,volume
0.400000,0.400000,0.400000,0.400000, 1000000
